<?xml version="1.0" encoding="UTF-8"?>
<sol>
	<route id="1">
		<node id="0">
			<lat>47.3699734</lat>
			<lon>0.6861697</lon>
			<address>64 avenue Jean Portalis, Tours</address>
			<demand>0</demand>
		</node>
		<node id="1">
			<lat>47.3834409</lat>
			<lon>0.6986129</lon>
			<address>30 rue André Theuriet, Tours</address>
			<demand>20</demand>
		</node>
		<node id="2">
			<lat>47.367559</lat>
			<lon>0.6829343</lon>
			<address>15 avenue Edouard Michelin, Tours</address>
			<demand>40</demand>
		</node>
		<node id="0">
			<lat>47.3699734</lat>
			<lon>0.6861697</lon>
			<address>64 avenue Jean Portalis, Tours</address>
			<demand>0</demand>
		</node>
	</route>
</sol>
