<?xml version="1.0" encoding="UTF-8"?>
<sol>
  <route id="0">
    <node id="0">
      <lat>20833.3333</lat>
      <lon>17100.0000</lon>
      <address />
      <demand>0</demand>
    </node>
    <node id="1">
      <lat>20900.0000</lat>
      <lon>17066.6667</lon>
      <address />
      <demand>0</demand>
    </node>
    <node id="5">
      <lat>21600.0000</lat>
      <lon>16500.0000</lon>
      <address />
      <demand>0</demand>
    </node>
    <node id="4">
      <lat>21600.0000</lat>
      <lon>14966.6667</lon>
      <address />
      <demand>0</demand>
    </node>
    <node id="7">
      <lat>22583.3333</lat>
      <lon>14300.0000</lon>
      <address />
      <demand>0</demand>
    </node>
    <node id="3">
      <lat>21600.0000</lat>
      <lon>14150.0000</lon>
      <address />
      <demand>0</demand>
    </node>
    <node id="6">
      <lat>22183.3333</lat>
      <lon>13133.3333</lon>
      <address />
      <demand>0</demand>
    </node>
    <node id="2">
      <lat>21300.0000</lat>
      <lon>13016.6667</lon>
      <address />
      <demand>0</demand>
    </node>
    <node id="8">
      <lat>22683.3333</lat>
      <lon>12716.6667</lon>
      <address />
      <demand>0</demand>
    </node>
    <node id="13">
      <lat>25149.1667</lat>
      <lon>12365.8333</lon>
      <address />
      <demand>0</demand>
    </node>
    <node id="17">
      <lat>26433.3333</lat>
      <lon>13433.3333</lon>
      <address />
      <demand>0</demand>
    </node>
    <node id="21">
      <lat>27096.1111</lat>
      <lon>13415.8333</lon>
      <address />
      <demand>0</demand>
    </node>
    <node id="22">
      <lat>27153.6111</lat>
      <lon>13203.3333</lon>
      <address />
      <demand>0</demand>
    </node>
    <node id="28">
      <lat>27462.5000</lat>
      <lon>12992.2222</lon>
      <address />
      <demand>0</demand>
    </node>
    <node id="16">
      <lat>26283.3333</lat>
      <lon>12766.6667</lon>
      <address />
      <demand>0</demand>
    </node>
    <node id="19">
      <lat>26733.3333</lat>
      <lon>11683.3333</lon>
      <address />
      <demand>0</demand>
    </node>
    <node id="25">
      <lat>27233.3333</lat>
      <lon>11783.3333</lon>
      <address />
      <demand>0</demand>
    </node>
    <node id="24">
      <lat>27233.3333</lat>
      <lon>10450.0000</lon>
      <address />
      <demand>0</demand>
    </node>
    <node id="23">
      <lat>27166.6667</lat>
      <lon>9833.3333</lon>
      <address />
      <demand>0</demand>
    </node>
    <node id="26">
      <lat>27266.6667</lat>
      <lon>10383.3333</lon>
      <address />
      <demand>0</demand>
    </node>
    <node id="15">
      <lat>26150.0000</lat>
      <lon>10550.0000</lon>
      <address />
      <demand>0</demand>
    </node>
    <node id="27">
      <lat>27433.3333</lat>
      <lon>12400.0000</lon>
      <address />
      <demand>0</demand>
    </node>
    <node id="20">
      <lat>27026.1111</lat>
      <lon>13051.9444</lon>
      <address />
      <demand>0</demand>
    </node>
    <node id="18">
      <lat>26550.0000</lat>
      <lon>13850.0000</lon>
      <address />
      <demand>0</demand>
    </node>
    <node id="14">
      <lat>26133.3333</lat>
      <lon>14500.0000</lon>
      <address />
      <demand>0</demand>
    </node>
    <node id="12">
      <lat>24166.6667</lat>
      <lon>13250.0000</lon>
      <address />
      <demand>0</demand>
    </node>
    <node id="11">
      <lat>23883.3333</lat>
      <lon>14533.3333</lon>
      <address />
      <demand>0</demand>
    </node>
    <node id="10">
      <lat>23700.0000</lat>
      <lon>15933.3333</lon>
      <address />
      <demand>0</demand>
    </node>
    <node id="9">
      <lat>23616.6667</lat>
      <lon>15866.6667</lon>
      <address />
      <demand>0</demand>
    </node>
    <node id="0">
      <lat>20833.3333</lat>
      <lon>17100.0000</lon>
      <address />
      <demand>0</demand>
    </node>
  </route>
</sol>
