<?xml version="1.0"?>

<valgrindoutput>

<protocolversion>4</protocolversion>
<protocoltool>memcheck</protocoltool>

<preamble>
  <line>Memcheck, a memory error detector</line>
  <line>Copyright (C) 2002-2013, and GNU GPL'd, by Julian Seward et al.</line>
  <line>Using Valgrind-3.10.0 and LibVEX; rerun with -h for copyright info</line>
  <line>Command: /mnt/Unix/Shell/bin/Debug/Shell </line>
</preamble>

<pid>17421</pid>
<ppid>10273</ppid>
<tool>memcheck</tool>

<args>
  <vargv>
    <exe>/usr/bin/valgrind</exe>
    <arg>--leak-check=full</arg>
    <arg>--track-origins=yes</arg>
    <arg>--xml=yes</arg>
    <arg>--xml-file=/mnt/Unix/Shell/ValgrindOut.xml</arg>
  </vargv>
  <argv>
    <exe>/mnt/Unix/Shell/bin/Debug/Shell</exe>
    <arg></arg>
  </argv>
</args>

<status>
  <state>RUNNING</state>
  <time>00:00:00:00.222 </time>
</status>


<status>
  <state>FINISHED</state>
  <time>00:00:04:45.148 </time>
</status>

<errorcounts>
</errorcounts>

<suppcounts>
  <pair>
    <count>1</count>
    <name>dl-hack3-cond-1</name>
  </pair>
</suppcounts>

</valgrindoutput>

