<?xml version="1.0" encoding="UTF-8"?>
<dictionary>
<item id="app_title">Inventory Management System Simulator</item>
<item id="class">Logistics | OPER20525A</item>
<item id="days">days</item>
<item id="department">Department of Logistics and Operations Management</item>
<item id="fees">Fees:		</item>
<item id="holding_cost">Holding cost rate:	</item>
<item id="init_stock">Initial stock:	</item>
<item id="lead_time">Lead time:		</item>
<item id="name">Name:		</item>
<item id="ordering_cost">Ordering cost:	</item>
<item id="periodic_review_form_title">Periodic review policy</item>
<item id="price_interval_header_1">Price intervals</item>
<item id="price_interval_header_2">From (U)	To (U)	Price ($)</item>
<item id="supplier">Supplier:		</item>
<item id="target_sl">Target serv. level:	</item>
<item id="units">U</item>
<item id="bt_add_product_to_policy">Add to policy</item>
<item id="btn_cancel">Cancel</item>
<item id="btn_delete_policy">Delete control policy</item>
<item id="btn_evaluate_policy">Evaluate Policy</item>
<item id="btn_new_policy">Add new inventory control policy</item>
<item id="btn_save_policy">Save policy and close</item>
<item id="fh_continous_review">Continuous review policy</item>
<item id="lb_acquisition_cost_av">Ca</item>
<item id="lb_avg_stock_av">Avg. Stock</item>
<item id="lb_continous">Continuous review</item>
<item id="lb_cycle_lenght">Cycle length (days)</item>
<item id="lb_fill_rate_av">Fill rate</item>
<item id="lb_holding_cost_av">Ch</item>
<item id="lb_nb_orders">Nb. Orders</item>
<item id="lb_ordering_cost_av">Co</item>
<item id="lb_performace_metrics">Performance metrics</item>
<item id="lb_periodic">Periodic review</item>
<item id="lb_policies">Policies</item>
<item id="lb_policy_evaluation">Policy evaluation</item>
<item id="lb_policy_summary">Inventory management policies</item>
<item id="lb_product">Product</item>
<item id="lb_products">Products</item>
<item id="lb_q">Order quantity</item>
<item id="lb_ror">Reorder point</item>
<item id="lb_target_stock">Target Stock (U)</item>
<item id="lb_total_cost_av">TC</item>
<item id="lb_serv_level_av">Serv. level</item>
<item id="lb_simulation">Simulation</item>
<item id="lb_suppliers">Suppliers</item>
<item id="th_policy_evaluation">PERIOD	INIT_STOCK	ORDERS	ARRIVALS	DEMAND	END_STOCK	LOST_SALES	Co	Ch</item>
<item id="th_simulation_data">Simulation data</item>
</dictionary>