<?xml version="1.0" encoding="UTF-8"?>
<dictionary>
<item id="app_title">Simulateur de Gestion de Stocks</item>
<item id="class">Logistique | OPER20525</item>
<item id="days">jours</item>
<item id="department">Département de Gestion des Opérations et de la Logistique</item>
<item id="fees">Frais de commande:	</item>
<item id="holding_cost">Coût d'entreposage:	</item>
<item id="init_stock">Stock initial:	</item>
<item id="lead_time">Délai de livraison:	</item>
<item id="name">Nom:		</item>
<item id="ordering_cost">Coût de commande:	</item>
<item id="periodic_review_form_title">Système à révision périodique</item>
<item id="price_interval_header_1">Prix et rabais</item>
<item id="price_interval_header_2">De (U)	À (U)	Prix ($)</item>
<item id="supplier">Fournisseur:	</item>
<item id="target_sl">Niveau de service:	</item>
<item id="units">U</item>
<item id="bt_add_product_to_policy">Ajouter ce produit</item>
<item id="btn_cancel">Annuler</item>
<item id="btn_delete_policy">Supprimer système de gestion</item>
<item id="btn_evaluate_policy">Simuler</item>
<item id="btn_new_policy">Créer un nouveau système de gestion</item>
<item id="btn_save_policy">Enregistrer et fermer</item>
<item id="fh_continous_review">Système à point de commande</item>
<item id="lb_acquisition_cost_av">Cta</item>
<item id="lb_avg_stock_av">Stock moyen</item>
<item id="lb_continous">Point de commande</item>
<item id="lb_cycle_lenght">Intervalle (jours)</item>
<item id="lb_fill_rate_av">Taux de coverture</item>
<item id="lb_holding_cost_av">Cte</item>
<item id="lb_nb_orders">Commandes</item>
<item id="lb_ordering_cost_av">Ctc</item>
<item id="lb_performace_metrics">Indicateurs de performance</item>
<item id="lb_periodic">Révision périodique</item>
<item id="lb_policies">Systèmes</item>
<item id="lb_policy_evaluation">Evaluation du système de gestion</item>
<item id="lb_policy_summary">Systèmes de gestion de stocks</item>
<item id="lb_product">Produit</item>
<item id="lb_products">Produits</item>
<item id="lb_q">Quantité à commander</item>
<item id="lb_ror">Point de commande</item>
<item id="lb_target_stock">Stock cible (U)</item>
<item id="lb_total_cost_av">CT</item>
<item id="lb_serv_level_av">Taux de service</item>
<item id="lb_simulation">Simulation</item>
<item id="lb_suppliers">Fournisseurs</item>
<item id="th_policy_evaluation">PERIODE	STK._INIT.	COMMANDES	ARRIVÉES	DEMANDE	STK._FINAL	DEM._PERDUE	C.COMDE.	C.ENTREP.</item>
<item id="th_simulation_data">Données de la simulation</item>
</dictionary>