<?xml version="1.0" encoding="UTF-8"?>
<scenario>
	<periods>365</periods>
	<products>7</products>
	<suppliers>5</suppliers>
	<supplier_list>
		<supplier>
			<name>Kramerica Industries</name>
			<fees>30</fees>
		</supplier>
		<supplier>
			<name>Pendant Publishing</name>
			<fees>0</fees>
		</supplier>
		<supplier>
			<name>Kruger Industrial Smoothing</name>
			<fees>0</fees>
		</supplier>
		<supplier>
			<name>J. Peterman</name>
			<fees>50</fees>
		</supplier>
		<supplier>
			<name>Vandelay Industries</name>
			<fees>0</fees>
		</supplier>
	</supplier_list>
	<product_list>
		<product>
			<name>Coffee table book</name>
			<supplier>Pendant Publishing</supplier>
			<demand type="CONSTANT">
				<rate>195</rate>
			</demand>
			<prices>
				<interval>
					<lb>1</lb>
					<ub>inf.</ub>
					<price>30</price>
				</interval>
			</prices>
			<co>20</co>
			<ch>0.1</ch>
			<sl>1</sl>
			<lt>0</lt>
			<init_stock>0</init_stock>
		</product>
		<product>
			<name>SP2000 Slicer miniature</name>
			<supplier>Kruger Industrial Smoothing</supplier>
			<demand type="CONSTANT">
				<rate>28</rate>
			</demand>
			<prices>
				<interval>
					<lb>1</lb>
					<ub>649</ub>
					<price>5</price>
				</interval>
				<interval>
					<lb>650</lb>
					<ub>999</ub>
					<price>4.5</price>
				</interval>
				<interval>
					<lb>1000</lb>
					<ub>inf.</ub>
					<price>3.9</price>
				</interval>
			</prices>
			<co>20</co>
			<ch>0.2</ch>
			<sl>1</sl>
			<lt>0</lt>
			<init_stock>0</init_stock>
		</product>
		<product>
			<name>Urban Sombrero</name>
			<supplier>J. Peterman</supplier>
			<demand type="CONSTANT">
				<rate>2</rate>
			</demand>
			<prices>
				<interval>
					<lb>1</lb>
					<ub>inf.</ub>
					<price>225</price>
				</interval>
			</prices>
			<co>15</co>
			<ch>0.12</ch>
			<sl>1</sl>
			<lt>0</lt>
			<init_stock>0</init_stock>
		</product>
		<product>
			<name>Himalayan Walking Shoes</name>
			<supplier>J. Peterman</supplier>
			<demand type="CONSTANT">
				<rate>3</rate>
			</demand>
			<prices>
				<interval>
					<lb>1</lb>
					<ub>inf.</ub>
					<price>120</price>
				</interval>
			</prices>
			<co>15</co>
			<ch>0.12</ch>
			<sl>1</sl>
			<lt>0</lt>
			<init_stock>0</init_stock>
		</product>
		<product>
			<name>King Edward VIII's wedding cake replica</name>
			<supplier>J. Peterman</supplier>
			<demand type="CONSTANT">
				<rate>4</rate>
			</demand>
			<prices>
				<interval>
					<lb>1</lb>
					<ub>inf.</ub>
					<price>95</price>
				</interval>
			</prices>
			<co>15</co>
			<ch>0.12</ch>
			<sl>1</sl>
			<lt>0</lt>
			<init_stock>0</init_stock>
		</product>
		<product>
			<name>Puffy Shirt replica</name>
			<supplier>Vandelay Industries</supplier>
			<demand type="NORMAL">
				<mean>400</mean>
				<std>50</std>
			</demand>
			<prices>
				<interval>
					<lb>1</lb>
					<ub>inf.</ub>
					<price>100</price>
				</interval>
			</prices>
			<co>150</co>
			<ch>0.10</ch>
			<sl>0.90</sl>
			<lt>2</lt>
			<init_stock>800</init_stock>
		</product>
		<product>
			<name>Soup Nazi bubble head</name>
			<supplier>Kramerica Industries</supplier>
			<demand type="CONSTANT">
				<rate>12</rate>
			</demand>
			<prices>
				<interval>
					<lb>1</lb>
					<ub>inf.</ub>
					<price>100</price>
				</interval>
			</prices>
			<co>20</co>
			<ch>0.12</ch>
			<sl>1.0</sl>
			<lt>0</lt>
			<init_stock>0</init_stock>
		</product>
	</product_list>
</scenario>