[
	{
		"country": "fr",
		"city": "Tours",
		"street": "64 avenue Jean Portalis",
		"demand": 0,
		"id":0
	},
	{
		"country": "fr",
		"city": "Tours",
		"street": "7 Boulevard Winston Churchill",
		"demand": 7,
		"id":1
		
	},
	{
		"country": "fr",
		"city": "Tours",
		"street": "63 Rue Blaise Pascal",
		"demand": 30,
		"id":2
		
	},
	{
		"country": "fr",
		"city": "Tours",
		"street": "Rue du Champ de Tir",
		"demand": 16,
		"id":3
		
	},
	{
		"country": "fr",
		"city": "Tours",
		"street": "25 Avenue de Grammont",
		"demand": 9,
		"id":4
		
	},
	{
		"country": "fr",
		"city": "Tours",
		"street": "26 Rue Jehan Fouquet",
		"demand": 21,
		"id":5
		
	},
	{
		"country": "fr",
		"city": "Tours",
		"street": "122 Rue Colbert",
		"demand": 15,
		"id":6
		
	},
	{
		"country": "fr",
		"city": "Tours",
		"street": "39 Rue Néricault Destouches",
		"demand": 19,
		"id":7
		
	},
	{
		"country": "fr",
		"city": "Tours",
		"street": "125 Rue d'Entraigues",
		"demand": 23,
		"id":8
		
	},
	{
		"country": "fr",
		"city": "Tours",
		"street": "247 Rue Giraudeau",
		"demand": 11,
		"id":9
		
	},
	{
		"country": "fr",
		"city": "Tours",
		"street": "93 Rue Saint-François",
		"demand": 5,
		"id":10
		
	},
	{
		"country": "fr",
		"city": "Tours",
		"street": "59 Avenue Marcel Mérieux",
		"demand": 19,
		"id":11
		
	},
	{
		"country": "fr",
		"city": "Tours",
		"street": "184 Rue Édouard Vaillant",
		"demand": 29,
		"id":12
		
	},
	{
		"country": "fr",
		"city": "Tours",
		"street": "1 Place Velpeau",
		"demand": 23,
		"id":13
		
	},
	{
		"country": "fr",
		"city": "Tours",
		"street": "8 Rue Giraudeau",
		"demand": 21,
		"id":14
		
	},
	{
		"country": "fr",
		"city": “Joué-les-Tours",
		"street": "13 Place de la Grange",
		"demand": 10,
		"id":15
		
	},
	{
		"country": "fr",
		"city": "Joué-les-Tours",
		"street": "86 Rue de Chantepie",
		"demand": 15,
		"id":16
		
	},
	{
		"country": "fr",
		"city": "Joué-les-Tours",
		"street": "7 Rue de la Douzillere",
		"demand": 3,
		"id":17
		
	},
	{
		"country": "fr",
		"city": "Joué-les-Tours",
		"street": "45 Rue de la Rotière",
		"demand": 41,
		"id":18
		
	},
	{
		"country": "fr",
		"city": "Joué-les-Tours",
		"street": "149 Boulevard de Chinon",
		"demand": 9,
		"id":19
		
	},
	{
		"country": "fr",
		"city": "Joué-les-Tours",
		"street": "4 Rue Paul-Henri Spaak",
		"demand": 28,
		"id”:20
		
	},
	{
		"country": "fr",
		"city": "Saint-Cyr-sur-Loire",
		"street": "13 Rue Henri Lebrun",
		"demand": 8,
		"id”:21
		
	},
	{
		"country": "fr",
		"city": "Saint-Cyr-sur-Loire",
		"street": "67 Avenue de la République",
		"demand": 8,
		"id”:22
		
	},
	{
		"country": "fr",
		"city": "Saint-Cyr-sur-Loire",
		"street": "205 Rue Victor Hugo",
		"demand": 16,
		"id”:23
		
	},
	{
		"country": "fr",
		"city": "Saint-Cyr-sur-Loire",
		"street": "9 Rue de la Menardière",
		"demand": 10,
		"id”:24
		
	},
	{
		"country": "fr",
		"city": "Saint-Cyr-sur-Loire",
		"street": "1 Avenue Pierre-Gilles de Gennes",
		"demand": 28,
		"id”:25
		
	},
	{
		"country": "fr",
		"city": “Tours”,
		"street": "5 Rue Niépce",
		"demand": 7,
		"id”:26
		
	},
	{
		"country": "fr",
		"city": “Tours”,
		"street": "15 Rue du Hainaut",
		"demand": 15,
		"id”:27
		
	},
	{
		"country": "fr",
		"city": “Tours”,
		"street": "91 Avenue de la République",
		"demand": 14,
		"id”:28
		
	},
	{
		"country": "fr",
		"city": “Tours”,
		"street": "10 Rue Groison",
		"demand": 6,
		"id”:29
		
	},
	{
		"country": "fr",
		"city": “Tours”,
		"street": "17 Rue Marcel Gauthier",
		"demand": 14,
		"id”:30
		
	}

]
