<?xml version="1.0" encoding="UTF-8"?>
<root>
<arc start="0" arrival="1"> <distance>74.535614157127</distance> </arc>
<arc start="0" arrival="2"> <distance>4109.91345988912</distance> </arc>
<arc start="0" arrival="3"> <distance>3047.99570683571</distance> </arc>
<arc start="0" arrival="4"> <distance>2266.91173136004</distance> </arc>
<arc start="0" arrival="5"> <distance>973.53881735085</distance> </arc>
<arc start="0" arrival="6"> <distance>4190.10079937093</distance> </arc>
<arc start="0" arrival="7"> <distance>3301.89339621981</distance> </arc>
<arc start="0" arrival="8"> <distance>4757.74219760685</distance> </arc>
<arc start="0" arrival="9"> <distance>3044.34818055433</distance> </arc>
<arc start="0" arrival="10"> <distance>3094.9780544905</distance> </arc>
<arc start="0" arrival="11"> <distance>3986.26114910813</distance> </arc>
<arc start="0" arrival="12"> <distance>5092.50543009584</distance> </arc>
<arc start="0" arrival="13"> <distance>6406.14956740353</distance> </arc>
<arc start="0" arrival="14"> <distance>5903.38885725818</distance> </arc>
<arc start="0" arrival="15"> <distance>8436.19848029247</distance> </arc>
<arc start="0" arrival="16"> <distance>6962.77800083335</distance> </arc>
<arc start="0" arrival="17"> <distance>6693.61223024526</distance> </arc>
<arc start="0" arrival="18"> <distance>6575.92412964816</distance> </arc>
<arc start="0" arrival="19"> <distance>8009.3868765898</distance> </arc>
<arc start="0" arrival="20"> <distance>7398.4627471431</distance> </arc>
<arc start="0" arrival="21"> <distance>7266.04913591711</distance> </arc>
<arc start="0" arrival="22"> <distance>7424.95271635192</distance> </arc>
<arc start="0" arrival="23"> <distance>9639.27159511778</distance> </arc>
<arc start="0" arrival="24"> <distance>9229.43660252347</distance> </arc>
<arc start="0" arrival="25"> <distance>8320.27312045037</distance> </arc>
<arc start="0" arrival="26"> <distance>9300.6123558852</distance> </arc>
<arc start="0" arrival="27"> <distance>8102.46875958186</distance> </arc>
<arc start="0" arrival="28"> <distance>7798.69794200043</distance> </arc>
<arc start="1" arrival="2"> <distance>4069.70514902493</distance> </arc>
<arc start="1" arrival="3"> <distance>2999.49072992215</distance> </arc>
<arc start="1" arrival="4"> <distance>2213.59436211787</distance> </arc>
<arc start="1" arrival="5"> <distance>900.617093380362</distance> </arc>
<arc start="1" arrival="6"> <distance>4137.39724880805</distance> </arc>
<arc start="1" arrival="7"> <distance>3238.52676811197</distance> </arc>
<arc start="1" arrival="8"> <distance>4701.35912889974</distance> </arc>
<arc start="1" arrival="9"> <distance>2969.89527742796</distance> </arc>
<arc start="1" arrival="10"> <distance>3020.66956080197</distance> </arc>
<arc start="1" arrival="11"> <distance>3913.82877684301</distance> </arc>
<arc start="1" arrival="12"> <distance>5023.74920032617</distance> </arc>
<arc start="1" arrival="13"> <distance>6336.65939584451</distance> </arc>
<arc start="1" arrival="14"> <distance>5828.85540889271</distance> </arc>
<arc start="1" arrival="15"> <distance>8368.35974841479</distance> </arc>
<arc start="1" arrival="16"> <distance>6889.8677359503</distance> </arc>
<arc start="1" arrival="17"> <distance>6619.58374857849</distance> </arc>
<arc start="1" arrival="18"> <distance>6501.49557093511</distance> </arc>
<arc start="1" arrival="19"> <distance>7937.76138999179</distance> </arc>
<arc start="1" arrival="20"> <distance>7324.42710084963</distance> </arc>
<arc start="1" arrival="21"> <distance>7191.68806874288</distance> </arc>
<arc start="1" arrival="22"> <distance>7350.71402991565</distance> </arc>
<arc start="1" arrival="23"> <distance>9570.38262581202</distance> </arc>
<arc start="1" arrival="24"> <distance>9159.22425251057</distance> </arc>
<arc start="1" arrival="25"> <distance>8247.71013702861</distance> </arc>
<arc start="1" arrival="26"> <distance>9230.45991294283</distance> </arc>
<arc start="1" arrival="27"> <distance>8028.83690815661</distance> </arc>
<arc start="1" arrival="28"> <distance>7724.47436616759</distance> </arc>
<arc start="2" arrival="3"> <distance>1172.36699411442</distance> </arc>
<arc start="2" arrival="4"> <distance>1972.94196569489</distance> </arc>
<arc start="2" arrival="5"> <distance>3496.22809308673</distance> </arc>
<arc start="2" arrival="6"> <distance>891.004385199336</distance> </arc>
<arc start="2" arrival="7"> <distance>1814.90735790502</distance> </arc>
<arc start="2" arrival="8"> <distance>1415.48967459635</distance> </arc>
<arc start="2" arrival="9"> <distance>3672.79792513676</distance> </arc>
<arc start="2" arrival="10"> <distance>3777.16084586764</distance> </arc>
<arc start="2" arrival="11"> <distance>2995.64492462716</distance> </arc>
<arc start="2" arrival="12"> <distance>2876.14714466729</distance> </arc>
<arc start="2" arrival="13"> <distance>3903.80178786583</distance> </arc>
<arc start="2" arrival="14"> <distance>5055.827179382</distance> </arc>
<arc start="2" arrival="15"> <distance>5441.22638831439</distance> </arc>
<arc start="2" arrival="16"> <distance>4989.60026243474</distance> </arc>
<arc start="2" arrival="17"> <distance>5150.2157065937</distance> </arc>
<arc start="2" arrival="18"> <distance>5315.7261393801</distance> </arc>
<arc start="2" arrival="19"> <distance>5594.5409735245</distance> </arc>
<arc start="2" arrival="20"> <distance>5726.21976924223</distance> </arc>
<arc start="2" arrival="21"> <distance>5809.8397446142</distance> </arc>
<arc start="2" arrival="22"> <distance>5856.58666200704</distance> </arc>
<arc start="2" arrival="23"> <distance>6674.68274185706</distance> </arc>
<arc start="2" arrival="24"> <distance>6464.69040231454</distance> </arc>
<arc start="2" arrival="25"> <distance>6060.16132825228</distance> </arc>
<arc start="2" arrival="26"> <distance>6521.92887913112</distance> </arc>
<arc start="2" arrival="27"> <distance>6164.25625584934</distance> </arc>
<arc start="2" arrival="28"> <distance>6162.54848123569</distance> </arc>
<arc start="3" arrival="4"> <distance>816.6667</distance> </arc>
<arc start="3" arrival="5"> <distance>2350</distance> </arc>
<arc start="3" arrival="6"> <distance>1172.13007715773</distance> </arc>
<arc start="3" arrival="7"> <distance>994.708187806297</distance> </arc>
<arc start="3" arrival="8"> <distance>1796.67898851681</distance> </arc>
<arc start="3" arrival="9"> <distance>2648.37481066744</distance> </arc>
<arc start="3" arrival="10"> <distance>2755.04585422619</distance> </arc>
<arc start="3" arrival="11"> <distance>2315.28732078284</distance> </arc>
<arc start="3" arrival="12"> <distance>2719.88564996562</distance> </arc>
<arc start="3" arrival="13"> <distance>3972.38405466765</distance> </arc>
<arc start="3" arrival="14"> <distance>4546.82425533348</distance> </arc>
<arc start="3" arrival="15"> <distance>5801.93933094789</distance> </arc>
<arc start="3" arrival="16"> <distance>4883.36173325075</distance> </arc>
<arc start="3" arrival="17"> <distance>4886.17661856157</distance> </arc>
<arc start="3" arrival="18"> <distance>4959.08257644496</distance> </arc>
<arc start="3" arrival="19"> <distance>5695.22215350532</distance> </arc>
<arc start="3" arrival="20"> <distance>5536.10041186344</distance> </arc>
<arc start="3" arrival="21"> <distance>5544.92903173089</distance> </arc>
<arc start="3" arrival="22"> <distance>5633.71760837656</distance> </arc>
<arc start="3" arrival="23"> <distance>7044.24513683175</distance> </arc>
<arc start="3" arrival="24"> <distance>6739.76587641506</distance> </arc>
<arc start="3" arrival="25"> <distance>6110.28275432306</distance> </arc>
<arc start="3" arrival="26"> <distance>6804.32873381187</distance> </arc>
<arc start="3" arrival="27"> <distance>6090.17876493694</distance> </arc>
<arc start="3" arrival="28"> <distance>5975.73055652385</distance> </arc>
<arc start="4" arrival="5"> <distance>1533.3333</distance> </arc>
<arc start="4" arrival="6"> <distance>1923.8994501908</distance> </arc>
<arc start="4" arrival="7"> <distance>1188.01888359478</distance> </arc>
<arc start="4" arrival="8"> <distance>2497.22066283476</distance> </arc>
<arc start="4" arrival="9"> <distance>2208.3805330805</distance> </arc>
<arc start="4" arrival="10"> <distance>2311.80542337705</distance> </arc>
<arc start="4" arrival="11"> <distance>2324.08880950028</distance> </arc>
<arc start="4" arrival="12"> <distance>3087.83459851362</distance> </arc>
<arc start="4" arrival="13"> <distance>4400.10438955083</distance> </arc>
<arc start="4" arrival="14"> <distance>4557.28961311192</distance> </arc>
<arc start="4" arrival="15"> <distance>6341.09176237727</distance> </arc>
<arc start="4" arrival="16"> <distance>5174.32225502905</distance> </arc>
<arc start="4" arrival="17"> <distance>5070.72204961428</distance> </arc>
<arc start="4" arrival="18"> <distance>5074.3910490707</distance> </arc>
<arc start="4" arrival="19"> <distance>6093.55306733637</distance> </arc>
<arc start="4" arrival="20"> <distance>5754.0284284717</distance> </arc>
<arc start="4" arrival="21"> <distance>5710.71987214386</distance> </arc>
<arc start="4" arrival="22"> <distance>5826.82940625506</distance> </arc>
<arc start="4" arrival="23"> <distance>7572.2447097571</distance> </arc>
<arc start="4" arrival="24"> <distance>7220.43780859428</distance> </arc>
<arc start="4" arrival="25"> <distance>6470.55295971252</distance> </arc>
<arc start="4" arrival="26"> <distance>7288.2135358704</distance> </arc>
<arc start="4" arrival="27"> <distance>6373.03344866303</distance> </arc>
<arc start="4" arrival="28"> <distance>6186.05991997978</distance> </arc>
<arc start="5" arrival="6"> <distance>3416.82929157688</distance> </arc>
<arc start="5" arrival="7"> <distance>2409.76023265571</distance> </arc>
<arc start="5" arrival="8"> <distance>3935.38078180216</distance> </arc>
<arc start="5" arrival="9"> <distance>2113.77757765045</distance> </arc>
<arc start="5" arrival="10"> <distance>2175.11175549416</distance> </arc>
<arc start="5" arrival="11"> <distance>3013.53428183218</distance> </arc>
<arc start="5" arrival="12"> <distance>4141.28940656034</distance> </arc>
<arc start="5" arrival="13"> <distance>5448.66208970402</distance> </arc>
<arc start="5" arrival="14"> <distance>4954.90774978595</distance> </arc>
<arc start="5" arrival="15"> <distance>7490.32709566144</distance> </arc>
<arc start="5" arrival="16"> <distance>5989.27277119499</distance> </arc>
<arc start="5" arrival="17"> <distance>5724.12049469416</distance> </arc>
<arc start="5" arrival="18"> <distance>5614.71281545192</distance> </arc>
<arc start="5" arrival="19"> <distance>7039.27474018295</distance> </arc>
<arc start="5" arrival="20"> <distance>6428.97885283772</distance> </arc>
<arc start="5" arrival="21"> <distance>6302.32667012208</distance> </arc>
<arc start="5" arrival="22"> <distance>6458.37499537864</distance> </arc>
<arc start="5" arrival="23"> <distance>8685.17259689051</distance> </arc>
<arc start="5" arrival="24"> <distance>8266.61624057201</distance> </arc>
<arc start="5" arrival="25"> <distance>7347.20278934628</distance> </arc>
<arc start="5" arrival="26"> <distance>8338.14865589345</distance> </arc>
<arc start="5" arrival="27"> <distance>7130.0615277071</distance> </arc>
<arc start="5" arrival="28"> <distance>6831.79415264928</distance> </arc>
<arc start="6" arrival="7"> <distance>1233.33336486486</distance> </arc>
<arc start="6" arrival="8"> <distance>650.85409697993</distance> </arc>
<arc start="6" arrival="9"> <distance>3086.34996575423</distance> </arc>
<arc start="6" arrival="10"> <distance>3184.38029746588</distance> </arc>
<arc start="6" arrival="11"> <distance>2202.27155455452</distance> </arc>
<arc start="6" arrival="12"> <distance>1986.76181120044</distance> </arc>
<arc start="6" arrival="13"> <distance>3063.53129681346</distance> </arc>
<arc start="6" arrival="14"> <distance>4179.74614885747</distance> </arc>
<arc start="6" arrival="15"> <distance>4733.71478310405</distance> </arc>
<arc start="6" arrival="16"> <distance>4116.36300580446</distance> </arc>
<arc start="6" arrival="17"> <distance>4260.57507855454</distance> </arc>
<arc start="6" arrival="18"> <distance>4425.08635257865</distance> </arc>
<arc start="6" arrival="19"> <distance>4775.45809320949</distance> </arc>
<arc start="6" arrival="20"> <distance>4843.46167252473</distance> </arc>
<arc start="6" arrival="21"> <distance>4920.89341097456</distance> </arc>
<arc start="6" arrival="22"> <distance>4970.77070575307</distance> </arc>
<arc start="6" arrival="23"> <distance>5976.92327000737</distance> </arc>
<arc start="6" arrival="24"> <distance>5718.63424244713</distance> </arc>
<arc start="6" arrival="25"> <distance>5227.33201547405</distance> </arc>
<arc start="6" arrival="26"> <distance>5779.51368676947</distance> </arc>
<arc start="6" arrival="27"> <distance>5300.96950839079</distance> </arc>
<arc start="6" arrival="28"> <distance>5281.05229939376</distance> </arc>
<arc start="7" arrival="8"> <distance>1586.48805192125</distance> </arc>
<arc start="7" arrival="9"> <distance>1876.75849923331</distance> </arc>
<arc start="7" arrival="10"> <distance>1978.56568952809</distance> </arc>
<arc start="7" arrival="11"> <distance>1320.77417785513</distance> </arc>
<arc start="7" arrival="12"> <distance>1899.85385110423</distance> </arc>
<arc start="7" arrival="13"> <distance>3213.17628833907</distance> </arc>
<arc start="7" arrival="14"> <distance>3555.62933951221</distance> </arc>
<arc start="7" arrival="15"> <distance>5175.2885280812</distance> </arc>
<arc start="7" arrival="16"> <distance>4005.13557933922</distance> </arc>
<arc start="7" arrival="17"> <distance>3946.34149167161</distance> </arc>
<arc start="7" arrival="18"> <distance>3992.11030770555</distance> </arc>
<arc start="7" arrival="19"> <distance>4906.06202762347</distance> </arc>
<arc start="7" arrival="20"> <distance>4614.74997815312</distance> </arc>
<arc start="7" arrival="21"> <distance>4598.57741324007</distance> </arc>
<arc start="7" arrival="22"> <distance>4700.01244892625</distance> </arc>
<arc start="7" arrival="23"> <distance>6399.84815948351</distance> </arc>
<arc start="7" arrival="24"> <distance>6036.96943838546</distance> </arc>
<arc start="7" arrival="25"> <distance>5287.35390142261</distance> </arc>
<arc start="7" arrival="26"> <distance>6105.23462075328</distance> </arc>
<arc start="7" arrival="27"> <distance>5208.88663727672</distance> </arc>
<arc start="7" arrival="28"> <distance>5051.39094315237</distance> </arc>
<arc start="8" arrival="9"> <distance>3285.36318168259</distance> </arc>
<arc start="8" arrival="10"> <distance>3373.50784709988</distance> </arc>
<arc start="8" arrival="11"> <distance>2177.21784292605</distance> </arc>
<arc start="8" arrival="12"> <distance>1576.30022027673</distance> </arc>
<arc start="8" arrival="13"> <distance>2490.66626249105</distance> </arc>
<arc start="8" arrival="14"> <distance>3883.65519309952</distance> </arc>
<arc start="8" arrival="15"> <distance>4088.0585364911</distance> </arc>
<arc start="8" arrival="16"> <distance>3600.34720547894</distance> </arc>
<arc start="8" arrival="17"> <distance>3817.86733865329</distance> </arc>
<arc start="8" arrival="18"> <distance>4029.33688561503</distance> </arc>
<arc start="8" arrival="19"> <distance>4179.74615443995</distance> </arc>
<arc start="8" arrival="20"> <distance>4355.70088002954</distance> </arc>
<arc start="8" arrival="21"> <distance>4467.82294263419</distance> </arc>
<arc start="8" arrival="22"> <distance>4496.69078197828</distance> </arc>
<arc start="8" arrival="23"> <distance>5330.46807242208</distance> </arc>
<arc start="8" arrival="24"> <distance>5083.33334819672</distance> </arc>
<arc start="8" arrival="25"> <distance>4644.7401687883</distance> </arc>
<arc start="8" arrival="26"> <distance>5143.0914643929</distance> </arc>
<arc start="8" arrival="27"> <distance>4760.54385536872</distance> </arc>
<arc start="8" arrival="28"> <distance>4787.10404941956</distance> </arc>
<arc start="9" arrival="10"> <distance>106.718669615254</distance> </arc>
<arc start="9" arrival="11"> <distance>1359.73858925571</distance> </arc>
<arc start="9" arrival="12"> <distance>2673.84453902782</distance> </arc>
<arc start="9" arrival="13"> <distance>3821.5691469023</distance> </arc>
<arc start="9" arrival="14"> <distance>2863.80667022836</distance> </arc>
<arc start="9" arrival="15"> <distance>5889.37368552699</distance> </arc>
<arc start="9" arrival="16"> <distance>4089.14547987175</distance> </arc>
<arc start="9" arrival="17"> <distance>3722.19319368448</distance> </arc>
<arc start="9" arrival="18"> <distance>3559.68942855662</distance> </arc>
<arc start="9" arrival="19"> <distance>5216.69330429834</distance> </arc>
<arc start="9" arrival="20"> <distance>4421.19584985879</distance> </arc>
<arc start="9" arrival="21"> <distance>4255.9508558308</distance> </arc>
<arc start="9" arrival="22"> <distance>4427.56371927575</distance> </arc>
<arc start="9" arrival="23"> <distance>7000.25798921408</distance> </arc>
<arc start="9" arrival="24"> <distance>6513.10643506188</distance> </arc>
<arc start="9" arrival="25"> <distance>5454.71254523198</distance> </arc>
<arc start="9" arrival="26"> <distance>6587.06650760075</distance> </arc>
<arc start="9" arrival="27"> <distance>5156.03742659462</distance> </arc>
<arc start="9" arrival="28"> <distance>4801.33991245872</distance> </arc>
<arc start="10" arrival="11"> <distance>1411.95293791574</distance> </arc>
<arc start="10" arrival="12"> <distance>2723.61072985436</distance> </arc>
<arc start="10" arrival="13"> <distance>3850.60259886539</distance> </arc>
<arc start="10" arrival="14"> <distance>2824.10256502447</distance> </arc>
<arc start="10" arrival="15"> <distance>5914.62403022279</distance> </arc>
<arc start="10" arrival="16"> <distance>4086.73320568452</distance> </arc>
<arc start="10" arrival="17"> <distance>3704.2017937592</distance> </arc>
<arc start="10" arrival="18"> <distance>3530.26594449893</distance> </arc>
<arc start="10" arrival="19"> <distance>5221.45678033333</distance> </arc>
<arc start="10" arrival="20"> <distance>4400.61552996696</distance> </arc>
<arc start="10" arrival="21"> <distance>4227.45512732462</distance> </arc>
<arc start="10" arrival="22"> <distance>4402.30957907815</distance> </arc>
<arc start="10" arrival="23"> <distance>7016.25099386338</distance> </arc>
<arc start="10" arrival="24"> <distance>6523.14251628598</distance> </arc>
<arc start="10" arrival="25"> <distance>5450.40771033589</distance> </arc>
<arc start="10" arrival="26"> <distance>6597.24270804773</distance> </arc>
<arc start="10" arrival="27"> <distance>5140.25502653105</distance> </arc>
<arc start="10" arrival="28"> <distance>4775.6194103533</distance> </arc>
<arc start="11" arrival="12"> <distance>1314.23824873744</distance> </arc>
<arc start="11" arrival="13"> <distance>2510.05785721277</distance> </arc>
<arc start="11" arrival="14"> <distance>2250.24689953989</distance> </arc>
<arc start="11" arrival="15"> <distance>4583.09089019384</distance> </arc>
<arc start="11" arrival="16"> <distance>2980.11927203519</distance> </arc>
<arc start="11" arrival="17"> <distance>2777.13881539976</distance> </arc>
<arc start="11" arrival="18"> <distance>2752.82685394083</distance> </arc>
<arc start="11" arrival="19"> <distance>4030.50865276332</distance> </arc>
<arc start="11" arrival="20"> <distance>3474.41583193723</distance> </arc>
<arc start="11" arrival="21"> <distance>3401.58013901963</distance> </arc>
<arc start="11" arrival="22"> <distance>3530.38480752068</distance> </arc>
<arc start="11" arrival="23"> <distance>5733.2606966329</distance> </arc>
<arc start="11" arrival="24"> <distance>5281.67689648741</distance> </arc>
<arc start="11" arrival="25"> <distance>4334.16658655387</distance> </arc>
<arc start="11" arrival="26"> <distance>5354.38557591397</distance> </arc>
<arc start="11" arrival="27"> <distance>4141.69180032615</distance> </arc>
<arc start="11" arrival="28"> <distance>3896.85227958825</distance> </arc>
<arc start="12" arrival="13"> <distance>1321.76283931305</distance> </arc>
<arc start="12" arrival="14"> <distance>2330.29558544738</distance> </arc>
<arc start="12" arrival="15"> <distance>3350.165813641</distance> </arc>
<arc start="12" arrival="16"> <distance>2171.14913684999</distance> </arc>
<arc start="12" arrival="17"> <distance>2274.0687268516</distance> </arc>
<arc start="12" arrival="18"> <distance>2457.69762560183</distance> </arc>
<arc start="12" arrival="19"> <distance>3007.02876348804</distance> </arc>
<arc start="12" arrival="20"> <distance>2866.29522160274</distance> </arc>
<arc start="12" arrival="21"> <distance>2934.13448500239</distance> </arc>
<arc start="12" arrival="22"> <distance>2987.30892771073</distance> </arc>
<arc start="12" arrival="23"> <distance>4546.82431361592</distance> </arc>
<arc start="12" arrival="24"> <distance>4152.64301807362</distance> </arc>
<arc start="12" arrival="25"> <distance>3399.34629663476</distance> </arc>
<arc start="12" arrival="26"> <distance>4222.29534363584</distance> </arc>
<arc start="12" arrival="27"> <distance>3375.44229332328</distance> </arc>
<arc start="12" arrival="28"> <distance>3305.89874853446</distance> </arc>
<arc start="13" arrival="14"> <distance>2350.15986689086</distance> </arc>
<arc start="13" arrival="15"> <distance>2073.38319366628</distance> </arc>
<arc start="13" arrival="16"> <distance>1202.91366735569</distance> </arc>
<arc start="13" arrival="17"> <distance>1669.92218577859</distance> </arc>
<arc start="13" arrival="18"> <distance>2040.85392122459</distance> </arc>
<arc start="13" arrival="19"> <distance>1724.93190200528</distance> </arc>
<arc start="13" arrival="20"> <distance>1998.41655373312</distance> </arc>
<arc start="13" arrival="21"> <distance>2212.03356590522</distance> </arc>
<arc start="13" arrival="22"> <distance>2172.37280472099</distance> </arc>
<arc start="13" arrival="23"> <distance>3237.87932140776</distance> </arc>
<arc start="13" arrival="24"> <distance>2830.93052721971</distance> </arc>
<arc start="13" arrival="25"> <distance>2164.03712226837</distance> </arc>
<arc start="13" arrival="26"> <distance>2900.70896506354</distance> </arc>
<arc start="13" arrival="27"> <distance>2284.42211947452</distance> </arc>
<arc start="13" arrival="28"> <distance>2396.63806423333</distance> </arc>
<arc start="14" arrival="15"> <distance>3950.03516172817</distance> </arc>
<arc start="14" arrival="16"> <distance>1739.81157855927</distance> </arc>
<arc start="14" arrival="17"> <distance>1108.05137466134</distance> </arc>
<arc start="14" arrival="18"> <distance>772.082339448903</distance> </arc>
<arc start="14" arrival="19"> <distance>2879.86306946856</distance> </arc>
<arc start="14" arrival="20"> <distance>1701.15173363936</distance> </arc>
<arc start="14" arrival="21"> <distance>1449.95121489026</distance> </arc>
<arc start="14" arrival="22"> <distance>1649.94282327047</distance> </arc>
<arc start="14" arrival="23"> <distance>4779.70250166728</distance> </arc>
<arc start="14" arrival="24"> <distance>4196.72491354866</distance> </arc>
<arc start="14" arrival="25"> <distance>2930.91759674149</distance> </arc>
<arc start="14" arrival="26"> <distance>4269.82310107157</distance> </arc>
<arc start="14" arrival="27"> <distance>2469.81780704569</distance> </arc>
<arc start="14" arrival="28"> <distance>2009.99452998304</distance> </arc>
<arc start="15" arrival="16"> <distance>2220.67310241237</distance> </arc>
<arc start="15" arrival="17"> <distance>2897.22085415969</distance> </arc>
<arc start="15" arrival="18"> <distance>3324.15402771893</distance> </arc>
<arc start="15" arrival="19"> <distance>1274.64587544062</distance> </arc>
<arc start="15" arrival="20"> <distance>2650.90483424709</distance> </arc>
<arc start="15" arrival="21"> <distance>3017.96731541813</distance> </arc>
<arc start="15" arrival="22"> <distance>2836.79622830617</distance> </arc>
<arc start="15" arrival="23"> <distance>1243.87392358622</distance> </arc>
<arc start="15" arrival="24"> <distance>1087.93889483228</distance> </arc>
<arc start="15" arrival="25"> <distance>1641.56086325722</distance> </arc>
<arc start="15" arrival="26"> <distance>1129.03600818476</distance> </arc>
<arc start="15" arrival="27"> <distance>2251.5426620184</distance> </arc>
<arc start="15" arrival="28"> <distance>2772.56298831475</distance> </arc>
<arc start="16" arrival="17"> <distance>683.333268292684</distance> </arc>
<arc start="16" arrival="18"> <distance>1115.67117367878</distance> </arc>
<arc start="16" arrival="19"> <distance>1173.07768521763</distance> </arc>
<arc start="16" arrival="20"> <distance>795.67721237329</distance> </arc>
<arc start="16" arrival="21"> <distance>1040.20431970282</distance> </arc>
<arc start="16" arrival="22"> <distance>973.6843270426</distance> </arc>
<arc start="16" arrival="23"> <distance>3063.44948238275</distance> </arc>
<arc start="16" arrival="24"> <distance>2503.88589973443</distance> </arc>
<arc start="16" arrival="25"> <distance>1367.27633474567</distance> </arc>
<arc start="16" arrival="26"> <distance>2578.2208344343</distance> </arc>
<arc start="16" arrival="27"> <distance>1207.03954735911</distance> </arc>
<arc start="16" arrival="28"> <distance>1200.54545518658</distance> </arc>
<arc start="17" arrival="18"> <distance>432.691873944705</distance> </arc>
<arc start="17" arrival="19"> <distance>1775.52809045647</distance> </arc>
<arc start="17" arrival="20"> <distance>704.870919542046</distance> </arc>
<arc start="17" arrival="21"> <distance>663.008794943808</distance> </arc>
<arc start="17" arrival="22"> <distance>756.108530022536</distance> </arc>
<arc start="17" arrival="23"> <distance>3673.93220889493</distance> </arc>
<arc start="17" arrival="24"> <distance>3088.73397671099</distance> </arc>
<arc start="17" arrival="25"> <distance>1833.71208208922</distance> </arc>
<arc start="17" arrival="26"> <distance>3161.79451507456</distance> </arc>
<arc start="17" arrival="27"> <distance>1437.9769500548</distance> </arc>
<arc start="17" arrival="28"> <distance>1119.71563306587</distance> </arc>
<arc start="18" arrival="19"> <distance>2174.40927329189</distance> </arc>
<arc start="18" arrival="20"> <distance>929.28710323267</distance> </arc>
<arc start="18" arrival="21"> <distance>697.666150054665</distance> </arc>
<arc start="18" arrival="22"> <distance>884.603968413039</distance> </arc>
<arc start="18" arrival="23"> <distance>4063.72848475114</distance> </arc>
<arc start="18" arrival="24"> <distance>3467.98852346557</distance> </arc>
<arc start="18" arrival="25"> <distance>2176.70752462929</distance> </arc>
<arc start="18" arrival="26"> <distance>3539.97022131229</distance> </arc>
<arc start="18" arrival="27"> <distance>1697.87447088673</distance> </arc>
<arc start="18" arrival="28"> <distance>1252.37334855579</distance> </arc>
<arc start="19" arrival="20"> <distance>1399.57678718106</distance> </arc>
<arc start="19" arrival="21"> <distance>1770.07456966446</distance> </arc>
<arc start="19" arrival="22"> <distance>1577.03310972625</distance> </arc>
<arc start="19" arrival="23"> <distance>1900.07311321316</distance> </arc>
<arc start="19" arrival="24"> <distance>1330.83095428717</distance> </arc>
<arc start="19" arrival="25"> <distance>509.901951359278</distance> </arc>
<arc start="19" arrival="26"> <distance>1405.14928586096</distance> </arc>
<arc start="19" arrival="27"> <distance>1001.80395232245</distance> </arc>
<arc start="19" arrival="28"> <distance>1498.29043544037</distance> </arc>
<arc start="20" arrival="21"> <distance>370.56056393417</distance> </arc>
<arc start="20" arrival="22"> <distance>197.926372783442</distance> </arc>
<arc start="20" arrival="23"> <distance>3221.67864470288</distance> </arc>
<arc start="20" arrival="24"> <distance>2610.18307803575</distance> </arc>
<arc start="20" arrival="25"> <distance>1285.42411803111</distance> </arc>
<arc start="20" arrival="26"> <distance>2679.43132021229</distance> </arc>
<arc start="20" arrival="27"> <distance>768.675107483129</distance> </arc>
<arc start="20" arrival="28"> <distance>440.456596290771</distance> </arc>
<arc start="21" arrival="22"> <distance>220.141999627513</distance> </arc>
<arc start="21" arrival="23"> <distance>3583.19471180277</distance> </arc>
<arc start="21" arrival="24"> <distance>2969.00607873439</distance> </arc>
<arc start="21" arrival="25"> <distance>1638.25705619504</distance> </arc>
<arc start="21" arrival="26"> <distance>3037.292455904</distance> </arc>
<arc start="21" arrival="27"> <distance>1070.3439192903</distance> </arc>
<arc start="21" arrival="28"> <distance>560.077842881167</distance> </arc>
<arc start="22" arrival="23"> <distance>3370.02528902846</distance> </arc>
<arc start="22" arrival="24"> <distance>2754.48722815368</distance> </arc>
<arc start="22" arrival="25"> <distance>1422.23613692412</distance> </arc>
<arc start="22" arrival="26"> <distance>2822.26532570759</distance> </arc>
<arc start="22" arrival="27"> <distance>850.640288289786</distance> </arc>
<arc start="22" arrival="28"> <distance>374.139344477991</distance> </arc>
<arc start="23" arrival="24"> <distance>620.259828172395</distance> </arc>
<arc start="23" arrival="25"> <distance>1951.13926605857</distance> </arc>
<arc start="23" arrival="26"> <distance>559.016994374947</distance> </arc>
<arc start="23" arrival="27"> <distance>2580.4823239938</distance> </arc>
<arc start="23" arrival="28"> <distance>3172.71121029508</distance> </arc>
<arc start="24" arrival="25"> <distance>1333.3333</distance> </arc>
<arc start="24" arrival="26"> <distance>74.535658878487</distance> </arc>
<arc start="24" arrival="27"> <distance>1960.22957839127</distance> </arc>
<arc start="24" arrival="28"> <distance>2552.53033097782</distance> </arc>
<arc start="25" arrival="26"> <distance>1400.39677076019</distance> </arc>
<arc start="25" arrival="27"> <distance>648.288376333318</distance> </arc>
<arc start="25" arrival="28"> <distance>1230.41852592201</distance> </arc>
<arc start="26" arrival="27"> <distance>2023.54202685401</distance> </arc>
<arc start="26" arrival="28"> <distance>2616.22857830353</distance> </arc>
<arc start="27" arrival="28"> <distance>592.939989005405</distance> </arc>
</root>